{
    "logs": "1061181040288350248",
    "cargo": "1061180637714862160",
    "cor": "#231836",
    "acesstoken": "MTA2MTE4MjUyMDk3ODMxMzI3Nw.G5vy11.bYoahP3932YaGmHZpbx4n3wc-beSsTuKvqtrRo",
    "nomebot": "Nix Store",
    "foto": "https://cdn.discordapp.com/attachments/1005287738553147473/1051668444782809118/cartel-natal.png",
    "banner": "https://cdn.discordapp.com/attachments/1005287738553147473/1054192514711703552/BannerYTNatal.png",
    "catecarrinho": "",
    "canaltermos": "1061174083628318785"
}